Date,Activity,Group,Start,End,Duration,Distance,Steps,Calories
01/06/14,airplane,transport,2014-06-01T00:00:00+01:00,2014-06-01T01:52:19+01:00,6739,1058.457,0,0
01/06/14,walking,walking,2014-06-01T02:32:49+01:00,2014-06-01T02:36:01+01:00,192,0.144,307,17
01/06/14,walking,walking,2014-06-01T03:00:00+01:00,2014-06-01T03:03:54+01:00,234,0.171,368,20
01/06/14,transport,transport,2014-06-01T03:05:38+01:00,2014-06-01T03:46:48+01:00,2470,28.878,0,0
01/06/14,walking,walking,2014-06-01T03:48:09+01:00,2014-06-01T03:49:27+01:00,78,0.032,104,4
01/06/14,walking,walking,2014-06-01T04:08:35+01:00,2014-06-01T04:08:41+01:00,6,0.002,8,0
01/06/14,walking,walking,2014-06-01T10:30:48+01:00,2014-06-01T10:33:32+01:00,164,0.125,268,15
01/06/14,walking,walking,2014-06-01T10:35:41+01:00,2014-06-01T10:37:02+01:00,81,0.039,124,5
01/06/14,walking,walking,2014-06-01T10:44:04+01:00,2014-06-01T10:53:56+01:00,592,0.510,881,61
01/06/14,walking,walking,2014-06-01T10:55:01+01:00,2014-06-01T10:55:14+01:00,13,0.006,17,1
01/06/14,walking,walking,2014-06-01T10:57:02+01:00,2014-06-01T11:29:59+01:00,1977,1.524,2949,181
01/06/14,walking,walking,2014-06-01T11:33:24+01:00,2014-06-01T11:34:33+01:00,69,0.031,100,4
01/06/14,walking,walking,2014-06-01T11:35:05+01:00,2014-06-01T11:38:18+01:00,193,0.119,193,14
01/06/14,walking,walking,2014-06-01T11:44:35+01:00,2014-06-01T12:23:25+01:00,2330,1.893,3122,225
01/06/14,walking,walking,2014-06-01T12:25:11+01:00,2014-06-01T12:25:16+01:00,5,0.002,6,0
01/06/14,walking,walking,2014-06-01T13:12:22+01:00,2014-06-01T13:12:50+01:00,28,0.012,37,1
01/06/14,transport,transport,2014-06-01T13:15:38+01:00,2014-06-01T13:23:39+01:00,481,1.204,0,0
01/06/14,walking,walking,2014-06-01T13:23:38+01:00,2014-06-01T13:24:17+01:00,39,0.016,52,2
01/06/14,walking,walking,2014-06-01T16:40:27+01:00,2014-06-01T16:41:17+01:00,50,0.021,66,2
01/06/14,walking,walking,2014-06-01T16:42:40+01:00,2014-06-01T16:48:48+01:00,368,0.254,485,30
01/06/14,walking,walking,2014-06-01T16:48:48+01:00,2014-06-01T16:49:31+01:00,43,0.018,58,2
01/06/14,walking,walking,2014-06-01T17:29:14+01:00,2014-06-01T17:29:19+01:00,5,0.002,7,0
01/06/14,walking,walking,2014-06-01T17:29:20+01:00,2014-06-01T17:37:52+01:00,512,0.280,566,33
01/06/14,walking,walking,2014-06-01T17:37:52+01:00,2014-06-01T17:38:00+01:00,8,0.003,10,0
01/06/14,walking,walking,2014-06-01T18:51:27+01:00,2014-06-01T18:53:11+01:00,104,0.043,139,5
01/06/14,walking,walking,2014-06-01T19:04:03+01:00,2014-06-01T19:04:15+01:00,12,0.005,16,1
01/06/14,transport,transport,2014-06-01T19:05:25+01:00,2014-06-01T19:18:12+01:00,767,2.266,0,0
01/06/14,walking,walking,2014-06-01T19:18:12+01:00,2014-06-01T19:20:45+01:00,153,0.123,165,15
01/06/14,walking,walking,2014-06-01T19:20:45+01:00,2014-06-01T19:20:54+01:00,9,0.004,14,1
01/06/14,walking,walking,2014-06-01T20:01:46+01:00,2014-06-01T20:02:15+01:00,29,0.012,38,1
01/06/14,walking,walking,2014-06-01T21:00:47+01:00,2014-06-01T21:03:33+01:00,166,0.107,229,13
01/06/14,walking,walking,2014-06-01T21:13:23+01:00,2014-06-01T21:17:54+01:00,271,0.085,199,10
01/06/14,transport,transport,2014-06-01T21:17:54+01:00,2014-06-01T21:32:24+01:00,870,2.408,0,0
01/06/14,walking,walking,2014-06-01T21:32:24+01:00,2014-06-01T21:44:44+01:00,740,0.482,1035,57
01/06/14,walking,walking,2014-06-01T21:47:00+01:00,2014-06-01T21:48:14+01:00,74,0.034,109,4
01/06/14,walking,walking,2014-06-01T22:40:22+01:00,2014-06-01T22:42:01+01:00,99,0.043,137,5
01/06/14,walking,walking,2014-06-01T23:10:24+01:00,2014-06-01T23:13:34+01:00,190,0.125,186,15
01/06/14,walking,walking,2014-06-01T23:13:34+01:00,2014-06-01T23:14:01+01:00,27,0.011,37,1
01/06/14,walking,walking,2014-06-01T23:17:31+01:00,2014-06-01T23:20:34+01:00,183,0.104,209,12
01/06/14,walking,walking,2014-06-01T23:21:57+01:00,2014-06-01T23:23:50+01:00,113,0.055,176,6
02/06/14,walking,walking,2014-06-02T02:05:59+01:00,2014-06-02T02:06:12+01:00,13,0.006,17,1
02/06/14,walking,walking,2014-06-02T03:22:14+01:00,2014-06-02T03:22:22+01:00,8,0.003,10,0
02/06/14,walking,walking,2014-06-02T11:07:02+01:00,2014-06-02T11:07:25+01:00,23,0.009,30,1
02/06/14,walking,walking,2014-06-02T12:09:37+01:00,2014-06-02T12:14:00+01:00,263,0.173,371,21
02/06/14,transport,transport,2014-06-02T12:35:09+01:00,2014-06-02T12:50:45+01:00,936,2.262,0,0
02/06/14,walking,walking,2014-06-02T12:50:45+01:00,2014-06-02T12:54:18+01:00,213,0.087,259,10
02/06/14,walking,walking,2014-06-02T12:54:18+01:00,2014-06-02T12:54:35+01:00,17,0.007,23,1
02/06/14,walking,walking,2014-06-02T13:00:10+01:00,2014-06-02T13:00:20+01:00,10,0.004,13,1
02/06/14,walking,walking,2014-06-02T15:06:31+01:00,2014-06-02T15:08:54+01:00,143,0.089,191,11
02/06/14,walking,walking,2014-06-02T16:07:47+01:00,2014-06-02T16:08:00+01:00,13,0.006,17,1
02/06/14,walking,walking,2014-06-02T17:18:01+01:00,2014-06-02T17:24:50+01:00,409,0.268,574,32
02/06/14,walking,walking,2014-06-02T18:21:55+01:00,2014-06-02T18:24:47+01:00,172,0.117,252,14
02/06/14,walking,walking,2014-06-02T19:45:59+01:00,2014-06-02T19:48:03+01:00,124,0.078,168,9
02/06/14,walking,walking,2014-06-02T20:00:08+01:00,2014-06-02T20:01:00+01:00,52,0.022,69,3
02/06/14,transport,transport,2014-06-02T20:13:01+01:00,2014-06-02T20:26:18+01:00,797,2.410,0,0
02/06/14,walking,walking,2014-06-02T20:27:48+01:00,2014-06-02T20:28:46+01:00,58,0.024,77,3
03/06/14,walking,walking,2014-06-03T01:46:02+01:00,2014-06-03T02:22:21+01:00,2179,1.729,3044,205
03/06/14,walking,walking,2014-06-03T02:26:12+01:00,2014-06-03T02:27:12+01:00,60,0.025,80,3
03/06/14,walking,walking,2014-06-03T02:28:33+01:00,2014-06-03T02:34:51+01:00,378,0.197,513,23
03/06/14,transport,transport,2014-06-03T02:34:50+01:00,2014-06-03T02:54:17+01:00,1167,3.131,0,0
03/06/14,walking,walking,2014-06-03T02:54:18+01:00,2014-06-03T02:55:19+01:00,61,0.025,81,3
03/06/14,walking,walking,2014-06-03T03:55:46+01:00,2014-06-03T04:08:18+01:00,752,0.444,965,53
03/06/14,walking,walking,2014-06-03T04:08:18+01:00,2014-06-03T04:08:47+01:00,29,0.012,39,1
03/06/14,transport,transport,2014-06-03T04:25:23+01:00,2014-06-03T04:32:01+01:00,398,0.976,0,0
03/06/14,walking,walking,2014-06-03T04:32:01+01:00,2014-06-03T04:34:37+01:00,156,0.092,204,11
03/06/14,walking,walking,2014-06-03T04:34:37+01:00,2014-06-03T04:37:24+01:00,167,0.129,276,15
03/06/14,walking,walking,2014-06-03T12:55:32+01:00,2014-06-03T12:55:46+01:00,14,0.006,18,1
03/06/14,walking,walking,2014-06-03T13:03:15+01:00,2014-06-03T13:03:26+01:00,11,0.004,14,1
03/06/14,walking,walking,2014-06-03T16:26:47+01:00,2014-06-03T16:27:13+01:00,26,0.011,34,1
03/06/14,walking,walking,2014-06-03T17:45:35+01:00,2014-06-03T17:47:03+01:00,88,0.037,117,4
03/06/14,walking,walking,2014-06-03T18:07:48+01:00,2014-06-03T18:08:27+01:00,39,0.019,61,2
03/06/14,transport,transport,2014-06-03T18:12:32+01:00,2014-06-03T18:28:12+01:00,940,2.316,0,0
03/06/14,walking,walking,2014-06-03T18:28:11+01:00,2014-06-03T18:30:52+01:00,161,0.086,161,10
03/06/14,walking,walking,2014-06-03T18:32:06+01:00,2014-06-03T18:36:32+01:00,266,0.178,381,21
03/06/14,walking,walking,2014-06-03T19:17:57+01:00,2014-06-03T19:19:53+01:00,116,0.051,164,6
03/06/14,walking,walking,2014-06-03T21:03:55+01:00,2014-06-03T21:10:02+01:00,367,0.273,587,32
03/06/14,walking,walking,2014-06-03T21:50:05+01:00,2014-06-03T21:55:33+01:00,328,0.390,538,46
03/06/14,walking,walking,2014-06-03T21:55:55+01:00,2014-06-03T21:56:47+01:00,52,0.022,69,3
03/06/14,walking,walking,2014-06-03T22:12:26+01:00,2014-06-03T22:20:49+01:00,503,0.289,643,34
03/06/14,transport,transport,2014-06-03T22:20:49+01:00,2014-06-03T23:15:01+01:00,3252,27.985,0,0
03/06/14,walking,walking,2014-06-03T23:15:43+01:00,2014-06-03T23:18:56+01:00,193,0.119,256,14
03/06/14,transport,transport,2014-06-03T23:35:16+01:00,2014-06-03T23:38:31+01:00,195,0.372,0,0
03/06/14,walking,walking,2014-06-03T23:38:45+01:00,2014-06-03T23:40:20+01:00,95,0.040,127,5
04/06/14,walking,walking,2014-06-04T00:17:24+01:00,2014-06-04T00:22:00+01:00,276,0.130,280,15
04/06/14,walking,walking,2014-06-04T00:22:54+01:00,2014-06-04T00:23:51+01:00,57,0.029,93,3
04/06/14,walking,walking,2014-06-04T02:02:22+01:00,2014-06-04T02:02:51+01:00,29,0.012,39,1
04/06/14,walking,walking,2014-06-04T03:02:41+01:00,2014-06-04T03:03:41+01:00,60,0.026,84,3
04/06/14,walking,walking,2014-06-04T03:04:24+01:00,2014-06-04T03:05:08+01:00,44,0.022,70,3
04/06/14,airplane,transport,2014-06-04T03:17:16+01:00,2014-06-04T10:55:22+01:00,27486,4413.824,0,0
04/06/14,walking,walking,2014-06-04T11:12:10+01:00,2014-06-04T11:16:39+01:00,269,0.127,411,15
04/06/14,walking,walking,2014-06-04T11:16:39+01:00,2014-06-04T11:19:13+01:00,154,0.101,216,12
04/06/14,walking,walking,2014-06-04T11:27:29+01:00,2014-06-04T11:32:11+01:00,282,0.152,397,18
04/06/14,walking,walking,2014-06-04T11:39:41+01:00,2014-06-04T11:41:41+01:00,120,0.100,134,12
04/06/14,transport,transport,2014-06-04T11:41:41+01:00,2014-06-04T13:45:00+01:00,7399,29.672,0,0
04/06/14,walking,walking,2014-06-04T13:44:59+01:00,2014-06-04T13:49:33+01:00,274,0.203,407,24
04/06/14,walking,walking,2014-06-04T13:49:33+01:00,2014-06-04T13:50:24+01:00,51,0.021,68,3
05/06/14,walking,walking,2014-06-05T03:13:10+01:00,2014-06-05T03:13:38+01:00,28,0.012,37,1
05/06/14,walking,walking,2014-06-05T09:34:01+01:00,2014-06-05T09:34:03+01:00,2,0.001,3,0
05/06/14,walking,walking,2014-06-05T10:00:06+01:00,2014-06-05T10:00:18+01:00,12,0.005,16,1
05/06/14,walking,walking,2014-06-05T17:46:04+01:00,2014-06-05T17:46:15+01:00,11,0.004,14,1
05/06/14,walking,walking,2014-06-05T18:00:38+01:00,2014-06-05T18:01:13+01:00,35,0.014,46,2
05/06/14,walking,walking,2014-06-05T19:21:48+01:00,2014-06-05T19:21:56+01:00,8,0.003,10,0
05/06/14,walking,walking,2014-06-05T20:03:40+01:00,2014-06-05T20:03:44+01:00,4,0.002,5,0
06/06/14,walking,walking,2014-06-06T08:52:04+01:00,2014-06-06T08:52:11+01:00,7,0.003,9,0
06/06/14,walking,walking,2014-06-06T08:52:14+01:00,2014-06-06T08:57:49+01:00,335,0.160,360,19
06/06/14,walking,walking,2014-06-06T08:58:07+01:00,2014-06-06T08:58:08+01:00,1,0.001,1,0
06/06/14,walking,walking,2014-06-06T09:11:32+01:00,2014-06-06T09:11:55+01:00,23,0.009,30,1
06/06/14,walking,walking,2014-06-06T09:12:22+01:00,2014-06-06T09:31:18+01:00,1136,0.924,1588,110
06/06/14,walking,walking,2014-06-06T09:31:18+01:00,2014-06-06T09:32:26+01:00,68,0.034,110,4
06/06/14,walking,walking,2014-06-06T09:36:57+01:00,2014-06-06T09:44:01+01:00,424,0.431,700,51
06/06/14,walking,walking,2014-06-06T09:44:01+01:00,2014-06-06T09:44:18+01:00,17,0.007,22,1
06/06/14,walking,walking,2014-06-06T09:48:25+01:00,2014-06-06T10:00:04+01:00,699,0.656,1238,78
06/06/14,walking,walking,2014-06-06T10:00:04+01:00,2014-06-06T10:01:04+01:00,60,0.029,94,3
06/06/14,walking,walking,2014-06-06T10:03:20+01:00,2014-06-06T10:07:12+01:00,232,0.179,340,21
06/06/14,walking,walking,2014-06-06T10:09:17+01:00,2014-06-06T10:09:50+01:00,33,0.014,44,2
06/06/14,walking,walking,2014-06-06T11:05:38+01:00,2014-06-06T11:06:00+01:00,22,0.010,33,1
06/06/14,walking,walking,2014-06-06T11:06:33+01:00,2014-06-06T11:20:02+01:00,809,0.647,1210,77
06/06/14,walking,walking,2014-06-06T11:22:58+01:00,2014-06-06T11:23:57+01:00,59,0.025,79,3
06/06/14,walking,walking,2014-06-06T13:01:39+01:00,2014-06-06T13:15:01+01:00,802,0.638,1211,76
06/06/14,walking,walking,2014-06-06T13:18:37+01:00,2014-06-06T13:20:25+01:00,108,0.045,146,5
06/06/14,walking,walking,2014-06-06T15:20:47+01:00,2014-06-06T15:26:06+01:00,319,0.217,465,26
06/06/14,walking,walking,2014-06-06T17:57:21+01:00,2014-06-06T17:58:35+01:00,74,0.032,103,4
06/06/14,walking,walking,2014-06-06T18:00:23+01:00,2014-06-06T18:03:36+01:00,193,0.148,317,18
06/06/14,walking,walking,2014-06-06T18:05:26+01:00,2014-06-06T18:12:10+01:00,404,0.290,504,34
06/06/14,transport,transport,2014-06-06T18:12:10+01:00,2014-06-06T18:18:40+01:00,390,0.915,0,0
06/06/14,walking,walking,2014-06-06T18:18:40+01:00,2014-06-06T18:22:33+01:00,233,0.121,304,14
06/06/14,transport,transport,2014-06-06T18:28:27+01:00,2014-06-06T18:49:47+01:00,1280,11.586,0,0
06/06/14,walking,walking,2014-06-06T18:49:47+01:00,2014-06-06T18:52:49+01:00,182,0.114,315,14
06/06/14,transport,transport,2014-06-06T18:52:48+01:00,2014-06-06T18:55:18+01:00,150,0.658,0,0
06/06/14,walking,walking,2014-06-06T18:55:18+01:00,2014-06-06T18:58:34+01:00,196,0.146,284,17
06/06/14,walking,walking,2014-06-06T18:58:34+01:00,2014-06-06T18:59:34+01:00,60,0.075,101,9
07/06/14,walking,walking,2014-06-07T04:51:28+01:00,2014-06-07T04:51:36+01:00,8,0.003,10,0
07/06/14,walking,walking,2014-06-07T06:46:38+01:00,2014-06-07T06:46:46+01:00,8,0.003,10,0
07/06/14,walking,walking,2014-06-07T07:53:00+01:00,2014-06-07T07:53:08+01:00,8,0.003,10,0
08/06/14,walking,walking,2014-06-08T10:58:30+01:00,2014-06-08T11:17:42+01:00,1152,1.040,2033,123
08/06/14,walking,walking,2014-06-08T11:20:42+01:00,2014-06-08T11:25:16+01:00,274,0.196,419,23
08/06/14,walking,walking,2014-06-08T11:25:27+01:00,2014-06-08T11:25:35+01:00,8,0.003,10,0
08/06/14,walking,walking,2014-06-08T11:31:02+01:00,2014-06-08T11:50:25+01:00,1163,1.010,1937,120
08/06/14,walking,walking,2014-06-08T11:53:55+01:00,2014-06-08T11:58:52+01:00,297,0.237,509,28
08/06/14,walking,walking,2014-06-08T12:28:04+01:00,2014-06-08T12:28:27+01:00,23,0.009,30,1
08/06/14,walking,walking,2014-06-08T14:53:02+01:00,2014-06-08T14:53:19+01:00,17,0.007,23,1
08/06/14,transport,transport,2014-06-08T14:56:33+01:00,2014-06-08T15:53:04+01:00,3391,21.360,0,0
08/06/14,transport,transport,2014-06-08T16:54:17+01:00,2014-06-08T16:59:05+01:00,288,0.571,0,0
08/06/14,transport,transport,2014-06-08T17:27:41+01:00,2014-06-08T17:40:52+01:00,791,4.274,0,0
08/06/14,transport,transport,2014-06-08T18:55:26+01:00,2014-06-08T19:35:04+01:00,2378,22.478,0,0
08/06/14,walking,walking,2014-06-08T19:35:03+01:00,2014-06-08T19:37:03+01:00,120,0.055,177,7
08/06/14,walking,walking,2014-06-08T20:03:53+01:00,2014-06-08T20:04:01+01:00,8,0.003,10,0
10/06/14,walking,walking,2014-06-10T07:23:36+01:00,2014-06-10T07:25:21+01:00,105,0.091,162,11
10/06/14,walking,walking,2014-06-10T07:25:22+01:00,2014-06-10T07:26:49+01:00,87,0.036,116,4
10/06/14,transport,transport,2014-06-10T07:32:38+01:00,2014-06-10T07:38:22+01:00,344,0.697,0,0
10/06/14,walking,walking,2014-06-10T07:38:21+01:00,2014-06-10T07:44:51+01:00,390,0.190,611,23
10/06/14,transport,transport,2014-06-10T07:44:52+01:00,2014-06-10T08:09:00+01:00,1448,11.793,0,0
10/06/14,walking,walking,2014-06-10T08:08:59+01:00,2014-06-10T08:11:29+01:00,150,0.086,278,10
10/06/14,transport,transport,2014-06-10T08:11:29+01:00,2014-06-10T08:22:59+01:00,690,2.689,0,0
10/06/14,walking,walking,2014-06-10T08:23:00+01:00,2014-06-10T08:34:06+01:00,666,0.431,1139,51
10/06/14,walking,walking,2014-06-10T09:29:26+01:00,2014-06-10T09:31:09+01:00,103,0.065,209,8
10/06/14,walking,walking,2014-06-10T09:32:02+01:00,2014-06-10T09:35:13+01:00,191,0.176,326,21
10/06/14,transport,transport,2014-06-10T09:35:14+01:00,2014-06-10T09:40:14+01:00,300,1.222,0,0
10/06/14,walking,walking,2014-06-10T09:40:14+01:00,2014-06-10T09:44:32+01:00,258,0.262,617,31
10/06/14,walking,walking,2014-06-10T09:45:26+01:00,2014-06-10T09:46:57+01:00,91,0.062,200,7
10/06/14,walking,walking,2014-06-10T10:23:13+01:00,2014-06-10T10:23:17+01:00,4,0.002,5,0
10/06/14,walking,walking,2014-06-10T12:11:14+01:00,2014-06-10T12:16:20+01:00,306,0.216,464,26
10/06/14,walking,walking,2014-06-10T12:24:19+01:00,2014-06-10T12:44:19+01:00,1200,0.690,1654,82
10/06/14,walking,walking,2014-06-10T12:46:24+01:00,2014-06-10T12:46:52+01:00,28,0.012,38,1
10/06/14,walking,walking,2014-06-10T12:50:58+01:00,2014-06-10T13:06:27+01:00,929,0.395,1041,47
10/06/14,walking,walking,2014-06-10T13:09:23+01:00,2014-06-10T13:10:15+01:00,52,0.024,76,3
10/06/14,walking,walking,2014-06-10T13:10:24+01:00,2014-06-10T13:24:34+01:00,850,0.374,816,44
10/06/14,walking,walking,2014-06-10T13:24:34+01:00,2014-06-10T13:28:31+01:00,237,0.173,371,21
10/06/14,walking,walking,2014-06-10T13:36:45+01:00,2014-06-10T13:48:26+01:00,701,0.471,969,56
10/06/14,walking,walking,2014-06-10T13:48:33+01:00,2014-06-10T13:53:13+01:00,280,0.195,419,23
10/06/14,walking,walking,2014-06-10T14:01:03+01:00,2014-06-10T14:01:15+01:00,12,0.005,16,1
10/06/14,walking,walking,2014-06-10T16:19:51+01:00,2014-06-10T16:21:02+01:00,71,0.030,95,4
10/06/14,walking,walking,2014-06-10T16:23:10+01:00,2014-06-10T16:38:32+01:00,922,0.867,1493,103
10/06/14,walking,walking,2014-06-10T16:38:42+01:00,2014-06-10T16:39:23+01:00,41,0.017,55,2
10/06/14,walking,walking,2014-06-10T17:56:44+01:00,2014-06-10T17:56:57+01:00,13,0.006,17,1
10/06/14,walking,walking,2014-06-10T17:56:57+01:00,2014-06-10T18:03:06+01:00,369,0.235,598,28
10/06/14,transport,transport,2014-06-10T18:07:52+01:00,2014-06-10T18:12:31+01:00,279,1.033,0,0
10/06/14,walking,walking,2014-06-10T18:12:31+01:00,2014-06-10T18:16:43+01:00,252,0.079,254,9
10/06/14,walking,walking,2014-06-10T18:16:57+01:00,2014-06-10T18:20:31+01:00,214,0.145,310,17
10/06/14,walking,walking,2014-06-10T18:41:21+01:00,2014-06-10T18:45:09+01:00,228,0.176,236,21
10/06/14,transport,transport,2014-06-10T18:45:08+01:00,2014-06-10T19:16:24+01:00,1876,11.361,0,0
10/06/14,walking,walking,2014-06-10T19:16:23+01:00,2014-06-10T19:18:48+01:00,145,0.077,221,9
10/06/14,walking,walking,2014-06-10T19:19:13+01:00,2014-06-10T19:19:43+01:00,30,0.013,42,2
10/06/14,walking,walking,2014-06-10T19:20:51+01:00,2014-06-10T19:39:18+01:00,1107,0.915,1620,109
10/06/14,walking,walking,2014-06-10T19:39:18+01:00,2014-06-10T19:39:51+01:00,33,0.018,57,2
11/06/14,walking,walking,2014-06-11T18:56:49+01:00,2014-06-11T18:56:57+01:00,8,0.003,10,0
13/06/14,walking,walking,2014-06-13T07:25:55+01:00,2014-06-13T07:27:42+01:00,107,0.044,142,5
13/06/14,walking,walking,2014-06-13T07:32:14+01:00,2014-06-13T07:35:05+01:00,171,0.153,312,18
13/06/14,transport,transport,2014-06-13T07:35:04+01:00,2014-06-13T07:39:34+01:00,270,0.707,0,0
13/06/14,walking,walking,2014-06-13T07:39:34+01:00,2014-06-13T07:44:04+01:00,270,0.164,387,19
13/06/14,transport,transport,2014-06-13T07:44:05+01:00,2014-06-13T08:15:16+01:00,1871,11.735,0,0
13/06/14,walking,walking,2014-06-13T08:15:15+01:00,2014-06-13T08:20:45+01:00,330,0.134,333,16
13/06/14,transport,transport,2014-06-13T08:20:46+01:00,2014-06-13T08:27:44+01:00,418,1.061,0,0
13/06/14,walking,walking,2014-06-13T08:27:44+01:00,2014-06-13T08:28:32+01:00,48,0.020,64,2
13/06/14,transport,transport,2014-06-13T08:36:44+01:00,2014-06-13T08:51:47+01:00,903,4.819,0,0
13/06/14,walking,walking,2014-06-13T08:51:47+01:00,2014-06-13T08:57:23+01:00,336,0.128,316,15
13/06/14,walking,walking,2014-06-13T08:57:24+01:00,2014-06-13T08:57:48+01:00,24,0.007,21,1
13/06/14,walking,walking,2014-06-13T10:10:15+01:00,2014-06-13T10:20:50+01:00,635,0.435,933,52
13/06/14,walking,walking,2014-06-13T10:37:45+01:00,2014-06-13T10:43:30+01:00,345,0.241,517,29
13/06/14,transport,transport,2014-06-13T10:53:47+01:00,2014-06-13T11:10:21+01:00,994,4.383,0,0
13/06/14,walking,walking,2014-06-13T11:10:20+01:00,2014-06-13T11:21:22+01:00,662,0.498,1176,59
13/06/14,walking,walking,2014-06-13T11:21:22+01:00,2014-06-13T11:22:00+01:00,38,0.017,53,2
13/06/14,walking,walking,2014-06-13T11:23:40+01:00,2014-06-13T11:28:49+01:00,309,0.185,385,22
13/06/14,walking,walking,2014-06-13T11:28:49+01:00,2014-06-13T11:29:27+01:00,38,0.016,50,2
13/06/14,walking,walking,2014-06-13T12:24:34+01:00,2014-06-13T12:25:09+01:00,35,0.015,47,2
13/06/14,walking,walking,2014-06-13T12:26:59+01:00,2014-06-13T12:45:24+01:00,1105,0.951,1879,113
13/06/14,walking,walking,2014-06-13T13:55:44+01:00,2014-06-13T14:02:35+01:00,411,0.296,617,35
13/06/14,walking,walking,2014-06-13T14:02:34+01:00,2014-06-13T14:03:05+01:00,31,0.014,43,2
13/06/14,walking,walking,2014-06-13T14:06:50+01:00,2014-06-13T14:21:34+01:00,884,0.774,1427,92
13/06/14,walking,walking,2014-06-13T16:34:34+01:00,2014-06-13T16:38:17+01:00,223,0.154,331,18
13/06/14,walking,walking,2014-06-13T17:20:05+01:00,2014-06-13T17:20:43+01:00,38,0.016,50,2
13/06/14,walking,walking,2014-06-13T18:00:14+01:00,2014-06-13T18:01:00+01:00,46,0.019,61,2
13/06/14,walking,walking,2014-06-13T18:02:42+01:00,2014-06-13T18:06:31+01:00,229,0.194,356,23
13/06/14,transport,transport,2014-06-13T18:06:30+01:00,2014-06-13T18:48:08+01:00,2498,12.345,0,0
13/06/14,walking,walking,2014-06-13T18:48:08+01:00,2014-06-13T18:51:08+01:00,180,0.098,316,12
13/06/14,transport,transport,2014-06-13T18:51:08+01:00,2014-06-13T18:55:38+01:00,270,0.747,0,0
13/06/14,walking,walking,2014-06-13T18:55:38+01:00,2014-06-13T19:00:39+01:00,301,0.181,445,21
13/06/14,walking,walking,2014-06-13T19:00:39+01:00,2014-06-13T19:00:50+01:00,11,0.004,15,1
13/06/14,walking,walking,2014-06-13T22:56:52+01:00,2014-06-13T22:56:56+01:00,4,0.002,5,0
14/06/14,transport,transport,2014-06-14T05:45:19+01:00,2014-06-14T06:47:40+01:00,3741,17.638,0,0
14/06/14,walking,walking,2014-06-14T06:47:39+01:00,2014-06-14T06:51:13+01:00,214,0.257,548,31
14/06/14,walking,walking,2014-06-14T06:51:14+01:00,2014-06-14T06:51:39+01:00,25,0.014,46,2
14/06/14,walking,walking,2014-06-14T06:54:36+01:00,2014-06-14T07:12:11+01:00,1055,0.866,1465,103
14/06/14,walking,walking,2014-06-14T07:12:10+01:00,2014-06-14T07:13:35+01:00,85,0.037,119,4
14/06/14,walking,walking,2014-06-14T07:17:17+01:00,2014-06-14T07:24:13+01:00,416,0.498,1180,59
14/06/14,transport,transport,2014-06-14T07:24:13+01:00,2014-06-14T07:36:50+01:00,757,2.120,0,0
14/06/14,walking,walking,2014-06-14T07:37:01+01:00,2014-06-14T07:37:54+01:00,53,0.022,70,3
14/06/14,transport,transport,2014-06-14T07:52:42+01:00,2014-06-14T08:33:00+01:00,2418,12.263,0,0
14/06/14,walking,walking,2014-06-14T08:33:00+01:00,2014-06-14T08:39:28+01:00,388,0.301,645,36
14/06/14,transport,transport,2014-06-14T08:42:21+01:00,2014-06-14T08:49:52+01:00,451,0.895,0,0
14/06/14,walking,walking,2014-06-14T08:49:56+01:00,2014-06-14T08:50:43+01:00,47,0.019,62,2
14/06/14,walking,walking,2014-06-14T11:26:00+01:00,2014-06-14T11:26:08+01:00,8,0.004,11,0
15/06/14,walking,walking,2014-06-15T09:22:59+01:00,2014-06-15T09:23:10+01:00,11,0.005,15,1
17/06/14,walking,walking,2014-06-17T07:26:10+01:00,2014-06-17T07:30:47+01:00,277,0.179,320,21
17/06/14,walking,walking,2014-06-17T07:30:47+01:00,2014-06-17T07:32:19+01:00,92,0.038,122,5
17/06/14,transport,transport,2014-06-17T07:42:09+01:00,2014-06-17T07:44:41+01:00,152,0.729,0,0
17/06/14,walking,walking,2014-06-17T07:44:41+01:00,2014-06-17T07:47:41+01:00,180,0.122,332,15
17/06/14,transport,transport,2014-06-17T07:47:41+01:00,2014-06-17T08:08:55+01:00,1274,11.961,0,0
17/06/14,walking,walking,2014-06-17T08:08:54+01:00,2014-06-17T08:14:24+01:00,330,0.110,353,13
17/06/14,transport,transport,2014-06-17T08:14:24+01:00,2014-06-17T08:44:31+01:00,1807,4.795,0,0
17/06/14,walking,walking,2014-06-17T08:44:31+01:00,2014-06-17T08:49:31+01:00,300,0.104,309,12
17/06/14,transport,transport,2014-06-17T08:49:31+01:00,2014-06-17T09:02:21+01:00,770,9.567,0,0
17/06/14,transport,transport,2014-06-17T09:38:09+01:00,2014-06-17T09:48:23+01:00,614,3.611,0,0
17/06/14,walking,walking,2014-06-17T09:48:22+01:00,2014-06-17T09:53:54+01:00,332,0.169,383,20
17/06/14,walking,walking,2014-06-17T09:53:55+01:00,2014-06-17T09:55:33+01:00,98,0.041,132,5
17/06/14,walking,walking,2014-06-17T10:00:05+01:00,2014-06-17T10:01:09+01:00,64,0.028,89,3
17/06/14,walking,walking,2014-06-17T11:37:34+01:00,2014-06-17T11:38:51+01:00,77,0.032,102,4
17/06/14,walking,walking,2014-06-17T12:16:24+01:00,2014-06-17T12:16:28+01:00,4,0.002,5,0
17/06/14,walking,walking,2014-06-17T13:31:13+01:00,2014-06-17T13:36:43+01:00,330,0.146,358,17
17/06/14,walking,walking,2014-06-17T14:07:54+01:00,2014-06-17T14:08:26+01:00,32,0.013,43,2
17/06/14,walking,walking,2014-06-17T14:18:23+01:00,2014-06-17T14:23:10+01:00,287,0.171,419,20
17/06/14,walking,walking,2014-06-17T14:23:10+01:00,2014-06-17T14:24:27+01:00,77,0.032,102,4
17/06/14,walking,walking,2014-06-17T15:45:00+01:00,2014-06-17T15:46:10+01:00,70,0.032,101,4
17/06/14,walking,walking,2014-06-17T16:26:48+01:00,2014-06-17T16:26:59+01:00,11,0.004,14,1
17/06/14,walking,walking,2014-06-17T17:13:22+01:00,2014-06-17T17:17:18+01:00,236,0.151,324,18
17/06/14,walking,walking,2014-06-17T19:36:52+01:00,2014-06-17T19:40:03+01:00,191,0.134,286,16
17/06/14,walking,walking,2014-06-17T20:00:12+01:00,2014-06-17T20:00:30+01:00,18,0.007,24,1
17/06/14,walking,walking,2014-06-17T22:15:02+01:00,2014-06-17T22:16:56+01:00,114,0.052,165,6
17/06/14,walking,walking,2014-06-17T23:01:44+01:00,2014-06-17T23:04:37+01:00,173,0.119,254,14
18/06/14,transport,transport,2014-06-18T10:36:58+01:00,2014-06-18T10:52:09+01:00,911,7.182,0,0
18/06/14,walking,walking,2014-06-18T10:52:09+01:00,2014-06-18T10:55:40+01:00,211,0.203,272,24
18/06/14,walking,walking,2014-06-18T10:55:40+01:00,2014-06-18T10:57:21+01:00,101,0.050,160,6
18/06/14,walking,walking,2014-06-18T11:00:00+01:00,2014-06-18T11:04:00+01:00,240,0.149,320,18
18/06/14,transport,transport,2014-06-18T11:15:53+01:00,2014-06-18T11:43:48+01:00,1675,39.960,0,0
18/06/14,walking,walking,2014-06-18T11:43:48+01:00,2014-06-18T11:48:18+01:00,270,0.246,494,29
18/06/14,transport,transport,2014-06-18T11:48:18+01:00,2014-06-18T12:10:23+01:00,1325,1.110,0,0
18/06/14,walking,walking,2014-06-18T12:10:22+01:00,2014-06-18T12:14:52+01:00,270,0.147,471,17
18/06/14,transport,transport,2014-06-18T12:14:52+01:00,2014-06-18T12:52:52+01:00,2280,2.564,0,0
18/06/14,walking,walking,2014-06-18T16:18:34+01:00,2014-06-18T16:19:12+01:00,38,0.017,55,2
18/06/14,walking,walking,2014-06-18T16:19:37+01:00,2014-06-18T16:28:13+01:00,516,0.430,856,51
18/06/14,walking,walking,2014-06-18T16:30:32+01:00,2014-06-18T16:32:47+01:00,135,0.084,180,10
18/06/14,walking,walking,2014-06-18T19:05:48+01:00,2014-06-18T19:06:18+01:00,30,0.012,39,1
18/06/14,walking,walking,2014-06-18T19:53:19+01:00,2014-06-18T20:03:19+01:00,600,0.301,600,36
18/06/14,transport,transport,2014-06-18T20:03:18+01:00,2014-06-18T20:08:48+01:00,330,0.788,0,0
18/06/14,walking,walking,2014-06-18T20:08:49+01:00,2014-06-18T20:11:49+01:00,180,0.069,221,8
18/06/14,transport,transport,2014-06-18T20:11:49+01:00,2014-06-18T20:45:57+01:00,2048,11.607,0,0
18/06/14,walking,walking,2014-06-18T20:45:56+01:00,2014-06-18T20:50:26+01:00,270,0.240,497,28
18/06/14,transport,transport,2014-06-18T20:50:27+01:00,2014-06-18T20:55:57+01:00,330,0.710,0,0
18/06/14,walking,walking,2014-06-18T20:55:57+01:00,2014-06-18T21:01:54+01:00,357,0.238,507,28
18/06/14,walking,walking,2014-06-18T21:01:54+01:00,2014-06-18T21:02:16+01:00,22,0.009,29,1
18/06/14,walking,walking,2014-06-18T22:38:09+01:00,2014-06-18T22:39:46+01:00,97,0.040,129,5
19/06/14,walking,walking,2014-06-19T13:52:55+01:00,2014-06-19T13:53:21+01:00,26,0.011,35,1
20/06/14,walking,walking,2014-06-20T10:39:50+01:00,2014-06-20T10:40:25+01:00,35,0.014,46,2
20/06/14,transport,transport,2014-06-20T10:48:24+01:00,2014-06-20T11:06:08+01:00,1064,3.043,0,0
20/06/14,walking,walking,2014-06-20T11:06:07+01:00,2014-06-20T11:09:44+01:00,217,0.086,278,10
20/06/14,walking,walking,2014-06-20T11:09:54+01:00,2014-06-20T11:10:33+01:00,39,0.016,52,2
20/06/14,walking,walking,2014-06-20T12:39:03+01:00,2014-06-20T12:39:37+01:00,34,0.014,45,2
20/06/14,walking,walking,2014-06-20T13:20:47+01:00,2014-06-20T13:23:34+01:00,167,0.126,269,15
20/06/14,transport,transport,2014-06-20T13:31:38+01:00,2014-06-20T13:43:25+01:00,707,3.481,0,0
20/06/14,walking,walking,2014-06-20T13:44:37+01:00,2014-06-20T13:45:17+01:00,40,0.017,53,2
21/06/14,walking,walking,2014-06-21T07:34:25+01:00,2014-06-21T07:34:41+01:00,16,0.007,21,1
21/06/14,walking,walking,2014-06-21T08:17:51+01:00,2014-06-21T08:18:07+01:00,16,0.007,21,1
23/06/14,transport,transport,2014-06-23T16:40:16+01:00,2014-06-23T17:37:00+01:00,3404,18.372,0,0
23/06/14,walking,walking,2014-06-23T17:37:56+01:00,2014-06-23T17:38:55+01:00,59,0.029,94,3
23/06/14,walking,walking,2014-06-23T17:49:24+01:00,2014-06-23T17:52:42+01:00,198,0.126,316,15
23/06/14,walking,walking,2014-06-23T17:56:09+01:00,2014-06-23T17:58:31+01:00,142,0.104,223,12
23/06/14,walking,walking,2014-06-23T18:00:38+01:00,2014-06-23T18:07:18+01:00,400,0.249,535,30
23/06/14,walking,walking,2014-06-23T19:01:15+01:00,2014-06-23T19:05:12+01:00,237,0.152,326,18
23/06/14,walking,walking,2014-06-23T20:47:38+01:00,2014-06-23T20:47:52+01:00,14,0.006,19,1
23/06/14,walking,walking,2014-06-23T20:49:34+01:00,2014-06-23T21:01:19+01:00,705,0.426,1179,51
23/06/14,transport,transport,2014-06-23T21:01:18+01:00,2014-06-23T21:37:38+01:00,2180,23.060,0,0
23/06/14,walking,walking,2014-06-23T21:39:39+01:00,2014-06-23T21:40:04+01:00,25,0.011,33,1
24/06/14,walking,walking,2014-06-24T02:44:21+01:00,2014-06-24T02:44:30+01:00,9,0.004,12,0
24/06/14,walking,walking,2014-06-24T03:40:51+01:00,2014-06-24T03:41:04+01:00,13,0.006,17,1
24/06/14,walking,walking,2014-06-24T07:15:54+01:00,2014-06-24T07:19:10+01:00,196,0.148,317,18
24/06/14,walking,walking,2014-06-24T07:27:27+01:00,2014-06-24T07:29:22+01:00,115,0.048,153,6
24/06/14,transport,transport,2014-06-24T07:38:50+01:00,2014-06-24T07:42:06+01:00,196,0.711,0,0
24/06/14,walking,walking,2014-06-24T07:42:06+01:00,2014-06-24T07:47:06+01:00,300,0.129,382,15
24/06/14,transport,transport,2014-06-24T07:47:06+01:00,2014-06-24T08:08:44+01:00,1298,11.693,0,0
24/06/14,walking,walking,2014-06-24T08:08:43+01:00,2014-06-24T08:11:43+01:00,180,0.254,340,30
24/06/14,transport,transport,2014-06-24T08:11:43+01:00,2014-06-24T08:17:43+01:00,360,1.941,0,0
24/06/14,walking,walking,2014-06-24T08:17:44+01:00,2014-06-24T08:25:31+01:00,467,0.499,679,59
24/06/14,walking,walking,2014-06-24T08:26:35+01:00,2014-06-24T08:27:39+01:00,64,0.028,90,3
24/06/14,walking,walking,2014-06-24T08:53:15+01:00,2014-06-24T09:13:08+01:00,1193,0.613,1730,73
24/06/14,walking,walking,2014-06-24T13:02:24+01:00,2014-06-24T13:02:53+01:00,29,0.012,39,1
24/06/14,walking,walking,2014-06-24T13:36:59+01:00,2014-06-24T13:43:53+01:00,414,0.213,551,25
24/06/14,walking,walking,2014-06-24T13:43:52+01:00,2014-06-24T13:44:52+01:00,60,0.019,60,2
24/06/14,walking,walking,2014-06-24T14:26:36+01:00,2014-06-24T14:26:45+01:00,9,0.004,12,0
24/06/14,walking,walking,2014-06-24T15:30:06+01:00,2014-06-24T15:33:22+01:00,196,0.159,342,19
24/06/14,walking,walking,2014-06-24T15:33:39+01:00,2014-06-24T15:40:27+01:00,408,0.353,492,42
24/06/14,walking,walking,2014-06-24T15:40:28+01:00,2014-06-24T15:42:58+01:00,150,0.126,270,15
24/06/14,transport,transport,2014-06-24T15:49:29+01:00,2014-06-24T16:01:51+01:00,742,2.649,0,0
24/06/14,walking,walking,2014-06-24T17:55:41+01:00,2014-06-24T17:56:37+01:00,56,0.023,74,3
24/06/14,walking,walking,2014-06-24T18:04:22+01:00,2014-06-24T18:08:50+01:00,268,0.184,395,22
24/06/14,walking,walking,2014-06-24T19:44:50+01:00,2014-06-24T19:45:21+01:00,31,0.012,41,1
24/06/14,walking,walking,2014-06-24T19:49:18+01:00,2014-06-24T19:52:19+01:00,181,0.145,289,17
24/06/14,transport,transport,2014-06-24T19:52:19+01:00,2014-06-24T19:58:15+01:00,356,0.431,0,0
24/06/14,walking,walking,2014-06-24T20:02:02+01:00,2014-06-24T20:02:07+01:00,5,0.002,6,0
24/06/14,walking,walking,2014-06-24T20:02:06+01:00,2014-06-24T20:04:49+01:00,163,0.173,239,21
24/06/14,transport,transport,2014-06-24T20:04:49+01:00,2014-06-24T20:33:49+01:00,1740,11.566,0,0
24/06/14,walking,walking,2014-06-24T20:33:49+01:00,2014-06-24T20:36:39+01:00,170,0.157,275,19
24/06/14,transport,transport,2014-06-24T20:36:39+01:00,2014-06-24T20:40:09+01:00,210,0.528,0,0
24/06/14,walking,walking,2014-06-24T20:40:09+01:00,2014-06-24T20:43:23+01:00,194,0.171,229,20
24/06/14,walking,walking,2014-06-24T20:43:23+01:00,2014-06-24T20:45:23+01:00,120,0.078,222,9
25/06/14,walking,walking,2014-06-25T06:32:18+01:00,2014-06-25T06:32:32+01:00,14,0.006,18,1
26/06/14,walking,walking,2014-06-26T02:34:05+01:00,2014-06-26T02:34:10+01:00,5,0.002,6,0
26/06/14,walking,walking,2014-06-26T22:32:29+01:00,2014-06-26T22:32:40+01:00,11,0.004,14,1
27/06/14,walking,walking,2014-06-27T01:31:44+01:00,2014-06-27T01:31:58+01:00,14,0.006,18,1
27/06/14,walking,walking,2014-06-27T02:35:01+01:00,2014-06-27T02:35:09+01:00,8,0.003,10,0
27/06/14,transport,transport,2014-06-27T06:39:56+01:00,2014-06-27T06:59:57+01:00,1201,10.919,0,0
27/06/14,walking,walking,2014-06-27T06:59:57+01:00,2014-06-27T07:07:18+01:00,441,0.368,494,44
27/06/14,walking,walking,2014-06-27T07:11:49+01:00,2014-06-27T07:12:37+01:00,48,0.020,64,2
27/06/14,walking,walking,2014-06-27T08:04:45+01:00,2014-06-27T08:16:42+01:00,717,0.500,1189,59
27/06/14,walking,walking,2014-06-27T08:26:00+01:00,2014-06-27T08:31:21+01:00,321,0.211,487,25
27/06/14,walking,walking,2014-06-27T08:31:21+01:00,2014-06-27T08:31:38+01:00,17,0.007,23,1
27/06/14,walking,walking,2014-06-27T11:25:30+01:00,2014-06-27T11:42:14+01:00,1004,0.531,1257,63
27/06/14,walking,walking,2014-06-27T12:39:41+01:00,2014-06-27T12:39:49+01:00,8,0.004,11,0
27/06/14,walking,walking,2014-06-27T12:41:17+01:00,2014-06-27T12:54:12+01:00,775,0.522,1141,62
27/06/14,walking,walking,2014-06-27T13:26:02+01:00,2014-06-27T13:26:32+01:00,30,0.012,40,1
27/06/14,walking,walking,2014-06-27T13:34:46+01:00,2014-06-27T13:50:52+01:00,966,0.587,1574,70
27/06/14,walking,walking,2014-06-27T13:50:51+01:00,2014-06-27T13:50:52+01:00,1,0.001,1,0
27/06/14,walking,walking,2014-06-27T14:07:02+01:00,2014-06-27T14:07:51+01:00,49,0.021,65,2
27/06/14,walking,walking,2014-06-27T14:52:09+01:00,2014-06-27T14:59:42+01:00,453,0.465,724,55
27/06/14,walking,walking,2014-06-27T14:59:43+01:00,2014-06-27T14:59:54+01:00,11,0.005,16,1
27/06/14,walking,walking,2014-06-27T15:01:55+01:00,2014-06-27T15:06:38+01:00,283,0.189,405,22
27/06/14,walking,walking,2014-06-27T19:30:40+01:00,2014-06-27T19:39:13+01:00,513,0.197,422,23
27/06/14,transport,transport,2014-06-27T19:39:13+01:00,2014-06-27T19:44:13+01:00,300,1.083,0,0
27/06/14,walking,walking,2014-06-27T19:44:13+01:00,2014-06-27T19:48:26+01:00,253,0.103,272,12
27/06/14,walking,walking,2014-06-27T19:49:00+01:00,2014-06-27T19:52:02+01:00,182,0.162,347,19
27/06/14,transport,transport,2014-06-27T20:13:26+01:00,2014-06-27T20:32:51+01:00,1165,11.449,0,0
27/06/14,walking,walking,2014-06-27T20:32:51+01:00,2014-06-27T20:36:21+01:00,210,0.163,315,19
27/06/14,transport,transport,2014-06-27T20:36:21+01:00,2014-06-27T20:39:51+01:00,210,0.746,0,0
27/06/14,walking,walking,2014-06-27T20:39:51+01:00,2014-06-27T20:45:26+01:00,335,0.176,383,21
27/06/14,walking,walking,2014-06-27T21:37:26+01:00,2014-06-27T21:37:42+01:00,16,0.007,21,1
28/06/14,walking,walking,2014-06-28T00:17:33+01:00,2014-06-28T00:17:40+01:00,7,0.003,9,0
28/06/14,walking,walking,2014-06-28T09:20:16+01:00,2014-06-28T09:20:35+01:00,19,0.008,25,1
28/06/14,walking,walking,2014-06-28T10:23:19+01:00,2014-06-28T10:25:30+01:00,131,0.081,175,10
28/06/14,walking,walking,2014-06-28T11:04:11+01:00,2014-06-28T11:04:47+01:00,36,0.016,52,2
28/06/14,walking,walking,2014-06-28T22:29:03+01:00,2014-06-28T22:29:38+01:00,35,0.014,46,2
29/06/14,walking,walking,2014-06-29T14:00:13+01:00,2014-06-29T14:00:22+01:00,9,0.004,12,0
29/06/14,walking,walking,2014-06-29T17:41:53+01:00,2014-06-29T17:42:05+01:00,12,0.005,16,1
30/06/14,walking,walking,2014-06-30T12:26:16+01:00,2014-06-30T12:28:35+01:00,139,0.089,190,11
30/06/14,walking,walking,2014-06-30T18:06:16+01:00,2014-06-30T18:13:35+01:00,439,0.283,606,34
30/06/14,walking,walking,2014-06-30T19:04:28+01:00,2014-06-30T19:07:02+01:00,154,0.096,205,11
30/06/14,walking,walking,2014-06-30T23:28:17+01:00,2014-06-30T23:28:29+01:00,12,0.005,16,1
